symbol,instrument_key
360ONE.NS,NSE_EQ|INE466L01038
3MINDIA.NS,NSE_EQ|INE470A01017
ABB.NS,NSE_EQ|INE117A01022
ACC.NS,NSE_EQ|INE012A01025
AGI.NS,NSE_EQ|INE415A01038
AIAENG.NS,NSE_EQ|INE212H01026
APLAPOLLO.NS,NSE_EQ|INE702C01027
ASKAUTOLTD.NS,NSE_EQ|INE491J01022
AUBANK.NS,NSE_EQ|INE949L01017
AADHARHFC.NS,NSE_EQ|INE883F01010
AARTIDRUGS.NS,NSE_EQ|INE767A01016
AARTIIND.NS,NSE_EQ|INE769A01020
AARTIPHARM.NS,NSE_EQ|INE0LRU01027
AAVAS.NS,NSE_EQ|INE216P01012
ABBOTINDIA.NS,NSE_EQ|INE358A01014
ACE.NS,NSE_EQ|INE731H01025
ADANIENSOL.NS,NSE_EQ|INE931S01010
ADANIENT.NS,NSE_EQ|INE423A01024
ADANIGREEN.NS,NSE_EQ|INE364U01010
ADANIPORTS.NS,NSE_EQ|INE742F01042
ADANIPOWER.NS,NSE_EQ|INE814H01011
ATGL.NS,NSE_EQ|INE399L01023
AWL.NS,NSE_EQ|INE699H01024
ABCAPITAL.NS,NSE_EQ|INE674K01013
ABFRL.NS,NSE_EQ|INE647O01011
ABREL.NS,NSE_EQ|INE055A01016
ABSLAMC.NS,NSE_EQ|INE404A01024
ADVENZYMES.NS,NSE_EQ|INE837H01020
AEGISLOG.NS,NSE_EQ|INE208C01025
AETHER.NS,NSE_EQ|INE0BWX01014
AFFLE.NS,NSE_EQ|INE00WC01027
AHLUCONT.NS,NSE_EQ|INE758C01029
AJANTPHARM.NS,NSE_EQ|INE031B01049
AKUMS.NS,NSE_EQ|INE09XN01023
APLLTD.NS,NSE_EQ|INE901L01018
ALKEM.NS,NSE_EQ|INE540L01014
ALKYLAMINE.NS,NSE_EQ|INE150B01039
ALLCARGO.NS,NSE_EQ|INE418H01029
ALOKINDS.NS,NSE_EQ|INE270A01029
ARE&M.NS,NSE_EQ|INE885A01032
AMBER.NS,NSE_EQ|INE371P01015
AMBUJACEM.NS,NSE_EQ|INE079A01024
AMIORG.NS,NSE_EQ|INE00FF01017
ANANDRATHI.NS,NSE_EQ|INE463V01026
ANANTRAJ.NS,NSE_EQ|INE242C01024
ANGELONE.NS,NSE_EQ|INE732I01013
ANURAS.NS,NSE_EQ|INE930P01018
APARINDS.NS,NSE_EQ|INE372A01015
PARKHOTELS.NS,NSE_EQ|INE988S01028
APOLLOHOSP.NS,NSE_EQ|INE437A01024
APOLLOTYRE.NS,NSE_EQ|INE438A01022
APTUS.NS,NSE_EQ|INE852O01025
ACI.NS,NSE_EQ|INE128X01021
ARVINDFASN.NS,NSE_EQ|INE955V01021
ARVIND.NS,NSE_EQ|INE034A01011
ASAHIINDIA.NS,NSE_EQ|INE439A01020
ASHOKLEY.NS,NSE_EQ|INE208A01029
ASHOKA.NS,NSE_EQ|INE442H01029
ASIANPAINT.NS,NSE_EQ|INE021A01026
ASTERDM.NS,NSE_EQ|INE914M01019
ASTRAMICRO.NS,NSE_EQ|INE386C01029
ASTRAZEN.NS,NSE_EQ|INE203A01020
ASTRAL.NS,NSE_EQ|INE006I01046
ATUL.NS,NSE_EQ|INE100A01010
AUROPHARMA.NS,NSE_EQ|INE406A01037
AVALON.NS,NSE_EQ|INE0LCL01028
AVANTIFEED.NS,NSE_EQ|INE871C01038
DMART.NS,NSE_EQ|INE192R01011
AXISBANK.NS,NSE_EQ|INE238A01034
AZAD.NS,NSE_EQ|INE02IJ01035
BASF.NS,NSE_EQ|INE373A01013
BEML.NS,NSE_EQ|INE258A01016
BLS.NS,NSE_EQ|INE153T01027
BSE.NS,NSE_EQ|INE118H01025
BAJAJ-AUTO.NS,NSE_EQ|INE917I01010
BAJAJCON.NS,NSE_EQ|INE933K01021
BAJAJELEC.NS,NSE_EQ|INE193E01025
BAJFINANCE.NS,NSE_EQ|INE296A01024
BAJAJFINSV.NS,NSE_EQ|INE918I01026
BAJAJHIND.NS,NSE_EQ|INE306A01021
BAJAJHLDNG.NS,NSE_EQ|INE118A01012
BALAMINES.NS,NSE_EQ|INE050E01027
BALKRISIND.NS,NSE_EQ|INE787D01026
BALMLAWRIE.NS,NSE_EQ|INE164A01016
BALRAMCHIN.NS,NSE_EQ|INE119A01028
BANCOINDIA.NS,NSE_EQ|INE213C01025
BANDHANBNK.NS,NSE_EQ|INE545U01014
BANKBARODA.NS,NSE_EQ|INE028A01039
BANKINDIA.NS,NSE_EQ|INE084A01016
MAHABANK.NS,NSE_EQ|INE457A01014
BATAINDIA.NS,NSE_EQ|INE176A01028
BAYERCROP.NS,NSE_EQ|INE462A01022
BERGEPAINT.NS,NSE_EQ|INE463A01038
BEPL.NS,NSE_EQ|INE922A01025
BBL.NS,NSE_EQ|INE464A01036
BDL.NS,NSE_EQ|INE171Z01026
BEL.NS,NSE_EQ|INE263A01024
BHARATFORG.NS,NSE_EQ|INE465A01025
BHEL.NS,NSE_EQ|INE257A01026
BPCL.NS,NSE_EQ|INE029A01011
BHARTIARTL.NS,NSE_EQ|INE397D01024
BHARTIHEXA.NS,NSE_EQ|INE343G01021
BIKAJI.NS,NSE_EQ|INE00E101023
BIOCON.NS,NSE_EQ|INE376G01013
BIRLACORPN.NS,NSE_EQ|INE340A01012
BSOFT.NS,NSE_EQ|INE836A01035
BLUEDART.NS,NSE_EQ|INE233B01017
BLUEJET.NS,NSE_EQ|INE0KBH01020
BLUESTARCO.NS,NSE_EQ|INE472A01039
BBTC.NS,NSE_EQ|INE050A01025
BOMDYEING.NS,NSE_EQ|INE032A01023
BOROLTD.NS,NSE_EQ|INE02PY01013
BORORENEW.NS,NSE_EQ|INE666D01022
BOSCHLTD.NS,NSE_EQ|INE323A01026
BRIGADE.NS,NSE_EQ|INE791I01019
BRITANNIA.NS,NSE_EQ|INE216A01030
MAPMYINDIA.NS,NSE_EQ|INE0BV301023
CCL.NS,NSE_EQ|INE421D01022
CESC.NS,NSE_EQ|INE486A01021
CGPOWER.NS,NSE_EQ|INE067A01029
CIEINDIA.NS,NSE_EQ|INE536H01010
CMSINFO.NS,NSE_EQ|INE925R01014
CRISIL.NS,NSE_EQ|INE007A01025
CSBBANK.NS,NSE_EQ|INE679A01013
CAMPUS.NS,NSE_EQ|INE278Y01022
CANFINHOME.NS,NSE_EQ|INE477A01020
CANBK.NS,NSE_EQ|INE476A01022
CAPLIPOINT.NS,NSE_EQ|INE475E01026
CGCL.NS,NSE_EQ|INE180C01042
CARBORUNIV.NS,NSE_EQ|INE120A01034
CARTRADE.NS,NSE_EQ|INE290S01011
CASTROLIND.NS,NSE_EQ|INE172A01027
CEATLTD.NS,NSE_EQ|INE482A01020
CELLO.NS,NSE_EQ|INE0LMW01024
CENTRALBK.NS,NSE_EQ|INE483A01010
CDSL.NS,NSE_EQ|INE736A01011
CENTURYPLY.NS,NSE_EQ|INE348B01021
CERA.NS,NSE_EQ|INE739E01017
CHALET.NS,NSE_EQ|INE427F01016
CHAMBLFERT.NS,NSE_EQ|INE085A01013
CHEMPLASTS.NS,NSE_EQ|INE488A01050
CHENNPETRO.NS,NSE_EQ|INE178A01016
CHOICEIN.NS,NSE_EQ|INE102B01014
CHOLAHLDNG.NS,NSE_EQ|INE149A01033
CHOLAFIN.NS,NSE_EQ|INE121A01024
CIGNITITEC.NS,NSE_EQ|INE675C01017
CIPLA.NS,NSE_EQ|INE059A01026
CUB.NS,NSE_EQ|INE491A01021
CLEAN.NS,NSE_EQ|INE227W01023
COALINDIA.NS,NSE_EQ|INE522F01014
COCHINSHIP.NS,NSE_EQ|INE704P01025
COFORGE.NS,NSE_EQ|INE591G01017
COLPAL.NS,NSE_EQ|INE259A01022
CAMS.NS,NSE_EQ|INE596I01012
CONCORDBIO.NS,NSE_EQ|INE338H01029
CONFIPET.NS,NSE_EQ|INE552D01024
CONCOR.NS,NSE_EQ|INE111A01025
COROMANDEL.NS,NSE_EQ|INE169A01031
CRAFTSMAN.NS,NSE_EQ|INE00LO01017
CREDITACC.NS,NSE_EQ|INE741K01010
CROMPTON.NS,NSE_EQ|INE299U01018
CUMMINSIND.NS,NSE_EQ|INE298A01020
CYIENTDLM.NS,NSE_EQ|INE055S01018
CYIENT.NS,NSE_EQ|INE136B01020
DCBBANK.NS,NSE_EQ|INE503A01015
DCMSHRIRAM.NS,NSE_EQ|INE499A01024
DCXINDIA.NS,NSE_EQ|INE0KL801015
DLF.NS,NSE_EQ|INE271C01023
DOMS.NS,NSE_EQ|INE321T01012
DABUR.NS,NSE_EQ|INE016A01026
DALBHARAT.NS,NSE_EQ|INE00R701025
DATAPATTNS.NS,NSE_EQ|INE0IX101010
DATAMATICS.NS,NSE_EQ|INE365B01017
DEEPAKFERT.NS,NSE_EQ|INE501A01019
DEEPAKNTR.NS,NSE_EQ|INE288B01029
DELHIVERY.NS,NSE_EQ|INE148O01028
DELTACORP.NS,NSE_EQ|INE124G01033
DEN.NS,NSE_EQ|INE947J01015
DEVYANI.NS,NSE_EQ|INE872J01023
DHANI.NS,NSE_EQ|INE274G01010
DHANUKA.NS,NSE_EQ|INE435G01025
DBL.NS,NSE_EQ|INE917M01012
DCAL.NS,NSE_EQ|INE385W01011
DIVISLAB.NS,NSE_EQ|INE361B01024
DIXON.NS,NSE_EQ|INE935N01020
DODLA.NS,NSE_EQ|INE021O01019
LALPATHLAB.NS,NSE_EQ|INE600L01024
DRREDDY.NS,NSE_EQ|INE089A01031
DREAMFOLKS.NS,NSE_EQ|INE0JS101016
DYNAMATECH.NS,NSE_EQ|INE221B01012
EIDPARRY.NS,NSE_EQ|INE126A01031
EIHOTEL.NS,NSE_EQ|INE230A01023
EPL.NS,NSE_EQ|INE255A01020
ESAFSFB.NS,NSE_EQ|INE818W01011
EASEMYTRIP.NS,NSE_EQ|INE07O001026
EDELWEISS.NS,NSE_EQ|INE532F01054
EICHERMOT.NS,NSE_EQ|INE066A01021
ELECON.NS,NSE_EQ|INE205B01031
EMIL.NS,NSE_EQ|INE02YR01019
ELECTCAST.NS,NSE_EQ|INE086A01029
ELGIEQUIP.NS,NSE_EQ|INE285A01027
EMAMILTD.NS,NSE_EQ|INE548C01032
EMCURE.NS,NSE_EQ|INE168P01015
ENDURANCE.NS,NSE_EQ|INE913H01037
ENGINERSIN.NS,NSE_EQ|INE510A01028
ENTERO.NS,NSE_EQ|INE010601016
EPIGRAL.NS,NSE_EQ|INE071N01016
EMBDL.NS,NSE_EQ|INE069I01010
EQUITASBNK.NS,NSE_EQ|INE063P01018
ERIS.NS,NSE_EQ|INE406M01024
ESCORTS.NS,NSE_EQ|INE042A01014
ETHOSLTD.NS,NSE_EQ|INE04TZ01018
EVEREADY.NS,NSE_EQ|INE128A01029
EXIDEIND.NS,NSE_EQ|INE302A01020
FDC.NS,NSE_EQ|INE258B01022
NYKAA.NS,NSE_EQ|INE388Y01029
FEDERALBNK.NS,NSE_EQ|INE171A01029
FACT.NS,NSE_EQ|INE188A01015
FIEMIND.NS,NSE_EQ|INE737H01014
FINEORG.NS,NSE_EQ|INE686Y01026
FCL.NS,NSE_EQ|INE045J01026
FINCABLES.NS,NSE_EQ|INE235A01022
FINPIPE.NS,NSE_EQ|INE183A01024
FSL.NS,NSE_EQ|INE684F01012
FIVESTAR.NS,NSE_EQ|INE128S01021
FORCEMOT.NS,NSE_EQ|INE451A01017
FORTIS.NS,NSE_EQ|INE061F01013
FUSION.NS,NSE_EQ|INE139R01012
GRINFRA.NS,NSE_EQ|INE201P01022
GAIL.NS,NSE_EQ|INE129A01019
GVT&D.NS,NSE_EQ|INE200A01026
GHCL.NS,NSE_EQ|INE539A01019
GMMPFAUDLR.NS,NSE_EQ|INE541A01023
GMRAIRPORT.NS,NSE_EQ|INE776C01039
GABRIEL.NS,NSE_EQ|INE524A01029
GANESHHOUC.NS,NSE_EQ|INE460C01014
GRSE.NS,NSE_EQ|INE382Z01011
GRWRHITECH.NS,NSE_EQ|INE291A01017
GATEWAY.NS,NSE_EQ|INE079J01017
GICRE.NS,NSE_EQ|INE481Y01014
GILLETTE.NS,NSE_EQ|INE322A01010
GLAND.NS,NSE_EQ|INE068V01023
GLAXO.NS,NSE_EQ|INE159A01016
GLENMARK.NS,NSE_EQ|INE935A01035
MEDANTA.NS,NSE_EQ|INE474Q01031
GODIGIT.NS,NSE_EQ|INE03JT01014
GOCOLORS.NS,NSE_EQ|INE0BJS01011
GPIL.NS,NSE_EQ|INE177H01039
GODFRYPHLP.NS,NSE_EQ|INE260B01028
GODREJAGRO.NS,NSE_EQ|INE850D01014
GODREJCP.NS,NSE_EQ|INE102D01028
GODREJIND.NS,NSE_EQ|INE233A01035
GODREJPROP.NS,NSE_EQ|INE484J01027
GOKEX.NS,NSE_EQ|INE887G01027
GOPAL.NS,NSE_EQ|INE0L9R01028
GRANULES.NS,NSE_EQ|INE101D01020
GRAPHITE.NS,NSE_EQ|INE371A01025
GRASIM.NS,NSE_EQ|INE047A01021
GRAVITA.NS,NSE_EQ|INE024L01027
GESHIP.NS,NSE_EQ|INE017A01032
GREAVESCOT.NS,NSE_EQ|INE224A01026
GREENPANEL.NS,NSE_EQ|INE08ZM01014
GREENPLY.NS,NSE_EQ|INE461C01038
GRINDWELL.NS,NSE_EQ|INE536A01023
GUJALKALI.NS,NSE_EQ|INE186A01019
GAEL.NS,NSE_EQ|INE036B01030
FLUOROCHEM.NS,NSE_EQ|INE09N301011
GUJGASLTD.NS,NSE_EQ|INE844O01030
GMDCLTD.NS,NSE_EQ|INE131A01031
GNFC.NS,NSE_EQ|INE113A01013
GPPL.NS,NSE_EQ|INE517F01014
GSFC.NS,NSE_EQ|INE026A01025
GSPL.NS,NSE_EQ|INE246F01010
GULFOILLUB.NS,NSE_EQ|INE635Q01029
HEG.NS,NSE_EQ|INE545A01024
HGINFRA.NS,NSE_EQ|INE926X01010
HBLENGINE.NS,NSE_EQ|INE292B01021
HCLTECH.NS,NSE_EQ|INE860A01027
HDFCAMC.NS,NSE_EQ|INE127D01025
HDFCBANK.NS,NSE_EQ|INE040A01034
HDFCLIFE.NS,NSE_EQ|INE795G01014
HFCL.NS,NSE_EQ|INE548A01028
HAPPSTMNDS.NS,NSE_EQ|INE419U01012
HAPPYFORGE.NS,NSE_EQ|INE330T01021
HARSHA.NS,NSE_EQ|INE0JUS01029
HATHWAY.NS,NSE_EQ|INE982F01036
HAVELLS.NS,NSE_EQ|INE176B01034
HCG.NS,NSE_EQ|INE075I01017
HEIDELBERG.NS,NSE_EQ|INE578A01017
HEMIPROP.NS,NSE_EQ|INE0AJG01018
HERITGFOOD.NS,NSE_EQ|INE978A01027
HEROMOTOCO.NS,NSE_EQ|INE158A01026
HIKAL.NS,NSE_EQ|INE475B01022
HSCL.NS,NSE_EQ|INE019C01026
HINDALCO.NS,NSE_EQ|INE038A01020
HAL.NS,NSE_EQ|INE066F01020
HCC.NS,NSE_EQ|INE549A01026
HINDCOPPER.NS,NSE_EQ|INE531E01026
HNDFDS.NS,NSE_EQ|INE254N01026
HINDOILEXP.NS,NSE_EQ|INE345A01011
HINDPETRO.NS,NSE_EQ|INE094A01015
HINDUNILVR.NS,NSE_EQ|INE030A01027
HINDZINC.NS,NSE_EQ|INE267A01025
HINDWAREAP.NS,NSE_EQ|INE05AN01011
POWERINDIA.NS,NSE_EQ|INE07Y701011
HOMEFIRST.NS,NSE_EQ|INE481N01025
HONASA.NS,NSE_EQ|INE0J5401028
HONAUT.NS,NSE_EQ|INE671A01010
HUDCO.NS,NSE_EQ|INE031A01017
ICICIBANK.NS,NSE_EQ|INE090A01021
ICICIGI.NS,NSE_EQ|INE765G01017
ICICIPRULI.NS,NSE_EQ|INE726G01019
IDBI.NS,NSE_EQ|INE008A01015
IDFCFIRSTB.NS,NSE_EQ|INE092T01019
IFBIND.NS,NSE_EQ|INE559A01017
IFCI.NS,NSE_EQ|INE039A01010
IIFLCAPS.NS,NSE_EQ|INE489L01022
IIFL.NS,NSE_EQ|INE530B01024
INOXINDIA.NS,NSE_EQ|INE616N01034
IRB.NS,NSE_EQ|INE821I01022
IRCON.NS,NSE_EQ|INE962Y01021
ITC.NS,NSE_EQ|INE154A01025
ITDCEM.NS,NSE_EQ|INE686A01026
ITI.NS,NSE_EQ|INE248A01017
IDEAFORGE.NS,NSE_EQ|INE349Y01013
IMAGICAA.NS,NSE_EQ|INE172N01012
INDGN.NS,NSE_EQ|INE065X01017
INDIACEM.NS,NSE_EQ|INE383A01012
INDIAGLYCO.NS,NSE_EQ|INE560A01015
IPL.NS,NSE_EQ|INE0D6701023
INDIASHLTR.NS,NSE_EQ|INE922K01024
INDIAMART.NS,NSE_EQ|INE933S01016
INDIANB.NS,NSE_EQ|INE562A01011
IEX.NS,NSE_EQ|INE022Q01020
INDHOTEL.NS,NSE_EQ|INE053A01029
IMFA.NS,NSE_EQ|INE919H01018
IOC.NS,NSE_EQ|INE242A01010
IOB.NS,NSE_EQ|INE565A01014
IRCTC.NS,NSE_EQ|INE335Y01020
IRFC.NS,NSE_EQ|INE053F01010
IREDA.NS,NSE_EQ|INE202E01016
INDIGOPNTS.NS,NSE_EQ|INE09VQ01012
ICIL.NS,NSE_EQ|INE483B01026
IGL.NS,NSE_EQ|INE203G01027
INDUSTOWER.NS,NSE_EQ|INE121J01017
INDUSINDBK.NS,NSE_EQ|INE095A01012
INFIBEAM.NS,NSE_EQ|INE483S01020
NAUKRI.NS,NSE_EQ|INE663F01024
INFY.NS,NSE_EQ|INE009A01021
INGERRAND.NS,NSE_EQ|INE177A01018
INOXGREEN.NS,NSE_EQ|INE510W01014
INOXWIND.NS,NSE_EQ|INE066P01011
INTELLECT.NS,NSE_EQ|INE306R01017
INDIGO.NS,NSE_EQ|INE646L01027
IONEXCHANG.NS,NSE_EQ|INE570A01022
IPCALAB.NS,NSE_EQ|INE571A01038
ISGEC.NS,NSE_EQ|INE858B01029
JBCHEPHARM.NS,NSE_EQ|INE572A01036
JKCEMENT.NS,NSE_EQ|INE823G01014
JKIL.NS,NSE_EQ|INE576I01022
JBMA.NS,NSE_EQ|INE927D01051
JKLAKSHMI.NS,NSE_EQ|INE786A01032
JKPAPER.NS,NSE_EQ|INE789E01012
JKTYRE.NS,NSE_EQ|INE573A01042
JMFINANCIL.NS,NSE_EQ|INE780C01023
JSWENERGY.NS,NSE_EQ|INE121E01018
JSWINFRA.NS,NSE_EQ|INE880J01026
JSWSTEEL.NS,NSE_EQ|INE019A01038
JTEKTINDIA.NS,NSE_EQ|INE643A01035
JTLIND.NS,NSE_EQ|INE391J01032
JAIBALAJI.NS,NSE_EQ|INE091G01026
JAICORPLTD.NS,NSE_EQ|INE070D01027
JISLJALEQS.NS,NSE_EQ|INE175A01038
JPPOWER.NS,NSE_EQ|INE351F01018
J&KBANK.NS,NSE_EQ|INE168A01041
JAMNAAUTO.NS,NSE_EQ|INE039C01032
JSFB.NS,NSE_EQ|INE953L01027
JINDALSAW.NS,NSE_EQ|INE324A01032
JSL.NS,NSE_EQ|INE220G01021
JINDALSTEL.NS,NSE_EQ|INE749A01030
JINDWORLD.NS,NSE_EQ|INE247D01039
JIOFIN.NS,NSE_EQ|INE758E01017
JCHAC.NS,NSE_EQ|INE782A01015
JUBLFOOD.NS,NSE_EQ|INE797F01020
JUBLINGREA.NS,NSE_EQ|INE0BY001018
JUBLPHARMA.NS,NSE_EQ|INE700A01033
JUNIPER.NS,NSE_EQ|INE696F01016
JLHL.NS,NSE_EQ|INE682M01012
JWL.NS,NSE_EQ|INE209L01016
JUSTDIAL.NS,NSE_EQ|INE599M01018
JYOTHYLAB.NS,NSE_EQ|INE668F01031
JYOTICNC.NS,NSE_EQ|INE980O01024
KPRMILL.NS,NSE_EQ|INE930H01031
KEI.NS,NSE_EQ|INE878B01027
KNRCON.NS,NSE_EQ|INE634I01029
KPITTECH.NS,NSE_EQ|INE04I401011
KRBL.NS,NSE_EQ|INE001B01026
KSB.NS,NSE_EQ|INE999A01023
KAJARIACER.NS,NSE_EQ|INE217B01036
KPIL.NS,NSE_EQ|INE220B01022
KALYANKJIL.NS,NSE_EQ|INE303R01014
KSL.NS,NSE_EQ|INE907A01026
KANSAINER.NS,NSE_EQ|INE531A01024
KTKBANK.NS,NSE_EQ|INE614B01018
KARURVYSYA.NS,NSE_EQ|INE036D01028
KSCL.NS,NSE_EQ|INE455I01029
KAYNES.NS,NSE_EQ|INE918Z01012
KEC.NS,NSE_EQ|INE389H01022
KFINTECH.NS,NSE_EQ|INE138Y01010
KIRLOSBROS.NS,NSE_EQ|INE732A01036
KIRLOSENG.NS,NSE_EQ|INE146L01010
KIRLPNU.NS,NSE_EQ|INE811A01020
KOLTEPATIL.NS,NSE_EQ|INE094I01018
KOTAKBANK.NS,NSE_EQ|INE237A01028
KIMS.NS,NSE_EQ|INE967H01025
LTF.NS,NSE_EQ|INE498L01015
LTTS.NS,NSE_EQ|INE010V01017
LICHSGFIN.NS,NSE_EQ|INE115A01026
LMW.NS,NSE_EQ|INE269B01029
LTFOODS.NS,NSE_EQ|INE818H01020
LTIM.NS,NSE_EQ|INE214T01019
LANDMARK.NS,NSE_EQ|INE559R01029
LT.NS,NSE_EQ|INE018A01030
LATENTVIEW.NS,NSE_EQ|INE0I7C01011
LAURUSLABS.NS,NSE_EQ|INE947Q01028
LXCHEM.NS,NSE_EQ|INE576O01020
IXIGO.NS,NSE_EQ|INE0HV901016
LEMONTREE.NS,NSE_EQ|INE970X01018
LICI.NS,NSE_EQ|INE0J1Y01017
LINDEINDIA.NS,NSE_EQ|INE473A01011
LLOYDSENGG.NS,NSE_EQ|INE093R01011
LLOYDSME.NS,NSE_EQ|INE281B01032
LUPIN.NS,NSE_EQ|INE326A01037
LUXIND.NS,NSE_EQ|INE150G01020
MMTC.NS,NSE_EQ|INE123F01029
MOIL.NS,NSE_EQ|INE490G01020
MRF.NS,NSE_EQ|INE883A01011
MSTCLTD.NS,NSE_EQ|INE255X01014
MTARTECH.NS,NSE_EQ|INE864I01014
LODHA.NS,NSE_EQ|INE670K01029
MGL.NS,NSE_EQ|INE002S01010
MAHSEAMLES.NS,NSE_EQ|INE271B01025
M&MFIN.NS,NSE_EQ|INE774D01024
M&M.NS,NSE_EQ|INE101A01026
MHRIL.NS,NSE_EQ|INE998I01010
MAHLIFE.NS,NSE_EQ|INE813A01018
MAHLOG.NS,NSE_EQ|INE766P01016
MAITHANALL.NS,NSE_EQ|INE683C01011
MANINFRA.NS,NSE_EQ|INE949H01023
MANAPPURAM.NS,NSE_EQ|INE522D01027
MRPL.NS,NSE_EQ|INE103A01014
MANKIND.NS,NSE_EQ|INE634S01028
MARICO.NS,NSE_EQ|INE196A01026
MARKSANS.NS,NSE_EQ|INE750C01026
MARUTI.NS,NSE_EQ|INE585B01010
MASTEK.NS,NSE_EQ|INE759A01021
MFSL.NS,NSE_EQ|INE180A01020
MAXHEALTH.NS,NSE_EQ|INE027H01010
MAZDOCK.NS,NSE_EQ|INE249Z01020
MEDPLUS.NS,NSE_EQ|INE804L01022
METROBRAND.NS,NSE_EQ|INE317I01021
METROPOLIS.NS,NSE_EQ|INE112L01020
MINDACORP.NS,NSE_EQ|INE842C01021
MIDHANI.NS,NSE_EQ|INE099Z01011
MSUMI.NS,NSE_EQ|INE0FS801015
MOTILALOFS.NS,NSE_EQ|INE338I01027
MPHASIS.NS,NSE_EQ|INE356A01018
BECTORFOOD.NS,NSE_EQ|INE495P01012
MCX.NS,NSE_EQ|INE745G01035
MUTHOOTFIN.NS,NSE_EQ|INE414G01012
MUTHOOTMF.NS,NSE_EQ|INE046W01019
NATCOPHARM.NS,NSE_EQ|INE987B01026
NBCC.NS,NSE_EQ|INE095N01031
NCC.NS,NSE_EQ|INE868B01028
NEOGEN.NS,NSE_EQ|INE136S01016
NESCO.NS,NSE_EQ|INE317F01035
NHPC.NS,NSE_EQ|INE848E01016
NIITMTS.NS,NSE_EQ|INE342G01023
NLCINDIA.NS,NSE_EQ|INE589A01014
NMDC.NS,NSE_EQ|INE584A01023
NSLNISP.NS,NSE_EQ|INE0NNS01018
NOCIL.NS,NSE_EQ|INE163A01018
NRBBEARING.NS,NSE_EQ|INE349A01021
NTPC.NS,NSE_EQ|INE733E01010
NH.NS,NSE_EQ|INE410P01011
NATIONALUM.NS,NSE_EQ|INE139A01034
NFL.NS,NSE_EQ|INE870D01012
NAVA.NS,NSE_EQ|INE725A01030
NAVINFLUOR.NS,NSE_EQ|INE048G01026
NAZARA.NS,NSE_EQ|INE418L01021
NESTLEIND.NS,NSE_EQ|INE239A01024
NETWEB.NS,NSE_EQ|INE0NT901020
NETWORK18.NS,NSE_EQ|INE870H01013
NEULANDLAB.NS,NSE_EQ|INE794A01010
NEWGEN.NS,NSE_EQ|INE619B01017
NAM-INDIA.NS,NSE_EQ|INE298J01013
NUVAMA.NS,NSE_EQ|INE531F01015
NUVOCO.NS,NSE_EQ|INE118D01016
OBEROIRLTY.NS,NSE_EQ|INE093I01010
ONGC.NS,NSE_EQ|INE213A01029
OIL.NS,NSE_EQ|INE274J01014
OLECTRA.NS,NSE_EQ|INE260D01016
PAYTM.NS,NSE_EQ|INE982J01020
OPTIEMUS.NS,NSE_EQ|INE350C01017
OFSS.NS,NSE_EQ|INE881D01027
ORCHPHARMA.NS,NSE_EQ|INE191A01027
ORIENTCEM.NS,NSE_EQ|INE876N01018
ORIENTELEC.NS,NSE_EQ|INE142Z01019
ORISSAMINE.NS,NSE_EQ|INE725E01024
POLICYBZR.NS,NSE_EQ|INE417T01026
PCBL.NS,NSE_EQ|INE602A01031
PGEL.NS,NSE_EQ|INE457L01029
PIIND.NS,NSE_EQ|INE603J01030
PNBHOUSING.NS,NSE_EQ|INE572E01012
PNCINFRA.NS,NSE_EQ|INE195J01029
PTC.NS,NSE_EQ|INE877F01012
PTCIL.NS,NSE_EQ|INE596F01018
PVRINOX.NS,NSE_EQ|INE191H01014
PAGEIND.NS,NSE_EQ|INE761H01022
PAISALO.NS,NSE_EQ|INE420C01059
PARADEEP.NS,NSE_EQ|INE088F01024
PARAS.NS,NSE_EQ|INE045601015
PATANJALI.NS,NSE_EQ|INE619A01035
PATELENG.NS,NSE_EQ|INE244B01030
PERSISTENT.NS,NSE_EQ|INE262H01021
PETRONET.NS,NSE_EQ|INE347G01014
PFIZER.NS,NSE_EQ|INE182A01018
PHOENIXLTD.NS,NSE_EQ|INE211B01039
PIDILITIND.NS,NSE_EQ|INE318A01026
PEL.NS,NSE_EQ|INE140A01024
PPLPHARMA.NS,NSE_EQ|INE0DK501011
POLYMED.NS,NSE_EQ|INE205C01021
POLYCAB.NS,NSE_EQ|INE455K01017
POLYPLEX.NS,NSE_EQ|INE633B01018
POONAWALLA.NS,NSE_EQ|INE511C01022
PFC.NS,NSE_EQ|INE134E01011
POWERGRID.NS,NSE_EQ|INE752E01010
POWERMECH.NS,NSE_EQ|INE211R01019
PRAJIND.NS,NSE_EQ|INE074A01025
PRESTIGE.NS,NSE_EQ|INE811K01011
PRICOLLTD.NS,NSE_EQ|INE726V01018
PRINCEPIPE.NS,NSE_EQ|INE689W01016
PGHL.NS,NSE_EQ|INE199A01012
PGHH.NS,NSE_EQ|INE179A01014
PRUDENT.NS,NSE_EQ|INE00F201020
PNB.NS,NSE_EQ|INE160A01022
PURVA.NS,NSE_EQ|INE323I01011
RRKABEL.NS,NSE_EQ|INE777K01022
RBLBANK.NS,NSE_EQ|INE976G01028
RECLTD.NS,NSE_EQ|INE020B01018
RHIM.NS,NSE_EQ|INE743M01012
RITES.NS,NSE_EQ|INE320J01015
RADICO.NS,NSE_EQ|INE944F01028
RVNL.NS,NSE_EQ|INE415G01027
RAILTEL.NS,NSE_EQ|INE0DD101019
RAIN.NS,NSE_EQ|INE855B01025
RAINBOW.NS,NSE_EQ|INE961O01016
RAJESHEXPO.NS,NSE_EQ|INE343B01030
RALLIS.NS,NSE_EQ|INE613A01020
RKFORGE.NS,NSE_EQ|INE399G01023
RAMKY.NS,NSE_EQ|INE874I01013
RCF.NS,NSE_EQ|INE027A01015
RATEGAIN.NS,NSE_EQ|INE0CLI01024
RATNAMANI.NS,NSE_EQ|INE703B01027
RTNINDIA.NS,NSE_EQ|INE834M01019
RAYMOND.NS,NSE_EQ|INE301A01014
REDINGTON.NS,NSE_EQ|INE891D01026
REDTAPE.NS,NSE_EQ|INE0LXT01019
RELIANCE.NS,NSE_EQ|INE002A01018
RELINFRA.NS,NSE_EQ|INE036A01016
RELIGARE.NS,NSE_EQ|INE621H01010
RESPONIND.NS,NSE_EQ|INE688D01026
RBA.NS,NSE_EQ|INE07T201019
ROLEXRINGS.NS,NSE_EQ|INE645S01016
ROSSARI.NS,NSE_EQ|INE02A801020
ROUTE.NS,NSE_EQ|INE450U01017
SBFC.NS,NSE_EQ|INE423Y01016
SBICARD.NS,NSE_EQ|INE018E01016
SBILIFE.NS,NSE_EQ|INE123W01016
SJVN.NS,NSE_EQ|INE002L01015
SKFINDIA.NS,NSE_EQ|INE640A01023
SRF.NS,NSE_EQ|INE647A01010
SAFARI.NS,NSE_EQ|INE429E01023
KALAMANDIR.NS,NSE_EQ|INE438K01021
SAMHI.NS,NSE_EQ|INE08U801020
SAMMAANCAP.NS,NSE_EQ|INE148I01020
MOTHERSON.NS,NSE_EQ|INE775A01035
SANDUMA.NS,NSE_EQ|INE149K01016
SANGHIIND.NS,NSE_EQ|INE999B01013
SANGHVIMOV.NS,NSE_EQ|INE989A01032
SANOFI.NS,NSE_EQ|INE058A01010
SANSERA.NS,NSE_EQ|INE953O01021
SAPPHIRE.NS,NSE_EQ|INE806T01020
SARDAEN.NS,NSE_EQ|INE385C01021
SAREGAMA.NS,NSE_EQ|INE979A01025
SCHAEFFLER.NS,NSE_EQ|INE513A01022
SCHNEIDER.NS,NSE_EQ|INE839M01018
SENCO.NS,NSE_EQ|INE602W01027
SEQUENT.NS,NSE_EQ|INE807F01027
SHARDAMOTR.NS,NSE_EQ|INE597I01028
SHAREINDIA.NS,NSE_EQ|INE932X01026
SFL.NS,NSE_EQ|INE916U01025
SHILPAMED.NS,NSE_EQ|INE790G01031
SCI.NS,NSE_EQ|INE109A01011
SBCL.NS,NSE_EQ|INE386D01027
SHREECEM.NS,NSE_EQ|INE070A01015
RENUKA.NS,NSE_EQ|INE087H01022
SHRIRAMFIN.NS,NSE_EQ|INE721A01047
SHRIPISTON.NS,NSE_EQ|INE526E01018
SHYAMMETL.NS,NSE_EQ|INE810G01011
SIEMENS.NS,NSE_EQ|INE003A01024
SIGNATURE.NS,NSE_EQ|INE903U01023
SINDHUTRAD.NS,NSE_EQ|INE325D01025
SOBHA.NS,NSE_EQ|INE671H01015
SOLARINDS.NS,NSE_EQ|INE343H01029
SONACOMS.NS,NSE_EQ|INE073K01018
SONATSOFTW.NS,NSE_EQ|INE269A01021
SOUTHBANK.NS,NSE_EQ|INE683A01023
SPANDANA.NS,NSE_EQ|INE572J01011
STARCEMENT.NS,NSE_EQ|INE460H01021
STARHEALTH.NS,NSE_EQ|INE575P01011
SBIN.NS,NSE_EQ|INE062A01020
SAIL.NS,NSE_EQ|INE114A01011
SSWL.NS,NSE_EQ|INE802C01033
SWSOLAR.NS,NSE_EQ|INE00M201021
STLTECH.NS,NSE_EQ|INE089C01029
STAR.NS,NSE_EQ|INE939A01011
STYLAMIND.NS,NSE_EQ|INE239C01020
SUBROS.NS,NSE_EQ|INE287B01021
SUDARSCHEM.NS,NSE_EQ|INE659A01023
SULA.NS,NSE_EQ|INE142Q01026
SUMICHEM.NS,NSE_EQ|INE258G01013
SPARC.NS,NSE_EQ|INE232I01014
SUNPHARMA.NS,NSE_EQ|INE044A01036
SUNTV.NS,NSE_EQ|INE424H01027
SUNDARMFIN.NS,NSE_EQ|INE660A01013
SUNDRMFAST.NS,NSE_EQ|INE387A01021
SUNFLAG.NS,NSE_EQ|INE947A01014
SUNTECK.NS,NSE_EQ|INE805D01034
SUPRAJIT.NS,NSE_EQ|INE399C01030
SUPREMEIND.NS,NSE_EQ|INE195A01028
SPLPETRO.NS,NSE_EQ|INE663A01033
SUPRIYA.NS,NSE_EQ|INE07RO01027
SURYAROSNI.NS,NSE_EQ|INE335A01020
SUVENPHAR.NS,NSE_EQ|INE03QK01018
SUZLON.NS,NSE_EQ|INE040H01021
SWANENERGY.NS,NSE_EQ|INE665A01038
SYMPHONY.NS,NSE_EQ|INE225D01027
SYNGENE.NS,NSE_EQ|INE398R01022
SYRMA.NS,NSE_EQ|INE0DYJ01015
TARC.NS,NSE_EQ|INE0EK901012
TBOTEK.NS,NSE_EQ|INE673O01025
TCIEXP.NS,NSE_EQ|INE586V01016
TDPOWERSYS.NS,NSE_EQ|INE419M01027
TVSMOTOR.NS,NSE_EQ|INE494B01023
TVSSCS.NS,NSE_EQ|INE395N01027
TANLA.NS,NSE_EQ|INE483C01032
TATACHEM.NS,NSE_EQ|INE092A01019
TATACOMM.NS,NSE_EQ|INE151A01013
TCS.NS,NSE_EQ|INE467B01029
TATACONSUM.NS,NSE_EQ|INE192A01025
TATAELXSI.NS,NSE_EQ|INE670A01012
TATAINVEST.NS,NSE_EQ|INE672A01018
TATAMOTORS.NS,NSE_EQ|INE155A01022
TATAPOWER.NS,NSE_EQ|INE245A01021
TATASTEEL.NS,NSE_EQ|INE081A01020
TATATECH.NS,NSE_EQ|INE142M01025
TTML.NS,NSE_EQ|INE517B01013
TEAMLEASE.NS,NSE_EQ|INE985S01024
TECHM.NS,NSE_EQ|INE669C01036
TECHNOE.NS,NSE_EQ|INE285K01026
TIIL.NS,NSE_EQ|INE545H01011
TEGA.NS,NSE_EQ|INE011K01018
TEJASNET.NS,NSE_EQ|INE010J01012
TEXRAIL.NS,NSE_EQ|INE621L01012
NIACL.NS,NSE_EQ|INE470Y01017
RAMCOCEM.NS,NSE_EQ|INE331A01037
THERMAX.NS,NSE_EQ|INE152A01029
TIRUMALCHM.NS,NSE_EQ|INE338A01024
THOMASCOOK.NS,NSE_EQ|INE332A01027
TI.NS,NSE_EQ|INE133E01013
TIMETECHNO.NS,NSE_EQ|INE508G01029
TIMKEN.NS,NSE_EQ|INE325A01013
TIPSMUSIC.NS,NSE_EQ|INE716B01029
TITAGARH.NS,NSE_EQ|INE615H01020
TITAN.NS,NSE_EQ|INE280A01028
TORNTPHARM.NS,NSE_EQ|INE685A01028
TORNTPOWER.NS,NSE_EQ|INE813H01021
TRENT.NS,NSE_EQ|INE849A01020
TRIDENT.NS,NSE_EQ|INE064C01022
TRIVENI.NS,NSE_EQ|INE256C01024
TRITURBINE.NS,NSE_EQ|INE152M01016
TIINDIA.NS,NSE_EQ|INE974X01010
UCOBANK.NS,NSE_EQ|INE691A01018
UNOMINDA.NS,NSE_EQ|INE405E01023
UPL.NS,NSE_EQ|INE628A01036
UTIAMC.NS,NSE_EQ|INE094J01016
UJJIVANSFB.NS,NSE_EQ|INE551W01018
ULTRACEMCO.NS,NSE_EQ|INE481G01011
UNIONBANK.NS,NSE_EQ|INE692A01016
UBL.NS,NSE_EQ|INE686F01025
UNITDSPR.NS,NSE_EQ|INE854D01024
USHAMART.NS,NSE_EQ|INE228A01035
UTKARSHBNK.NS,NSE_EQ|INE735W01017
VGUARD.NS,NSE_EQ|INE951I01027
VMART.NS,NSE_EQ|INE665J01013
VIPIND.NS,NSE_EQ|INE054A01027
VSTIND.NS,NSE_EQ|INE710A01016
WABAG.NS,NSE_EQ|INE956G01038
VAIBHAVGBL.NS,NSE_EQ|INE884A01027
DBREALTY.NS,NSE_EQ|INE879I01012
VTL.NS,NSE_EQ|INE825A01020
VARROC.NS,NSE_EQ|INE665L01035
VBL.NS,NSE_EQ|INE200M01039
MANYAVAR.NS,NSE_EQ|INE825V01034
VEDL.NS,NSE_EQ|INE205A01025
VEEDOL.NS,NSE_EQ|INE484C01030
VENKEYS.NS,NSE_EQ|INE398A01010
VENUSPIPES.NS,NSE_EQ|INE0JA001018
VESUVIUS.NS,NSE_EQ|INE386A01015
VIJAYA.NS,NSE_EQ|INE043W01024
VINATIORGA.NS,NSE_EQ|INE410B01037
IDEA.NS,NSE_EQ|INE669E01016
VOLTAMP.NS,NSE_EQ|INE540H01012
VOLTAS.NS,NSE_EQ|INE226A01021
WELCORP.NS,NSE_EQ|INE191B01025
WELENT.NS,NSE_EQ|INE625G01013
WELSPUNLIV.NS,NSE_EQ|INE192B01031
WSTCSTPAPR.NS,NSE_EQ|INE976A01021
WESTLIFE.NS,NSE_EQ|INE274F01020
WHIRLPOOL.NS,NSE_EQ|INE716A01013
WIPRO.NS,NSE_EQ|INE075A01022
WOCKPHARMA.NS,NSE_EQ|INE049B01025
WONDERLA.NS,NSE_EQ|INE066O01014
YATHARTH.NS,NSE_EQ|INE0JO301016
YESBANK.NS,NSE_EQ|INE528G01035
ZFCVINDIA.NS,NSE_EQ|INE342J01019
ZEEL.NS,NSE_EQ|INE256A01028
ZENTEC.NS,NSE_EQ|INE251B01027
ZENSARTECH.NS,NSE_EQ|INE520A01027
ZYDUSLIFE.NS,NSE_EQ|INE010B01027
ZYDUSWELL.NS,NSE_EQ|INE768C01010
ECLERX.NS,NSE_EQ|INE738I01010
EMUDHRA.NS,NSE_EQ|INE01QM01018
